title,token,url,price_toman,mileage_km,year,age,color,body_status,engine_status,chassis_status,gearbox,fuel_type,insurance,brand_model,airbag,tire_quality
تارا اتوماتیک V2,gaC8se_J,https://divar.ir/v/%D8%AA%D8%A7%D8%B1%D8%A7-%D8%A7%D8%AA%D9%88%D9%85%D8%A7%D8%AA%DB%8C%DA%A9-V2/gaC8se_J,2120000000,54000,1402,3,سفید,سالم و بی‌خط و خش,سالم,سالم و پلمپ,سالم و پلمپ,بنزینی,3,تارا اتوماتیک V2,نامشخص,نامشخص
تارا اتومات ۱۴۰۱ درحد صفر,gaBopgvj,https://divar.ir/v/%D8%AA%D8%A7%D8%B1%D8%A7-%D8%A7%D8%AA%D9%88%D9%85%D8%A7%D8%AA-%DB%B1%DB%B4%DB%B0%DB%B1-%D8%AF%D8%B1%D8%AD%D8%AF-%D8%B5%D9%81%D8%B1/gaBopgvj,2250000000,17000,1401,4,آبی,خط و خش جزیی,سالم,سالم و پلمپ,سالم و پلمپ,بنزینی,4,تارا اتوماتیک V2,نامشخص,نامشخص
تارا ۱۴۰۳ v4,gaH4Bx9N,https://divar.ir/v/%D8%AA%D8%A7%D8%B1%D8%A7-%DB%B1%DB%B4%DB%B0%DB%B3-v4/gaH4Bx9N,2530000000,16400,1403,2,مشکی,خط و خش جزیی,سالم,سالم و پلمپ,سالم و پلمپ,بنزینی,5,تارا وی 4 ال ایکس TU5P,نامشخص,نامشخص
تارا V4 برج ۱۰ ۱۴۰۳,gaHkhgqU,https://divar.ir/v/%D8%AA%D8%A7%D8%B1%D8%A7-V4-%D8%A8%D8%B1%D8%AC-%DB%B1%DB%B0-%DB%B1%DB%B4%DB%B0%DB%B3/gaHkhgqU,2550000000,8000,1403,2,تیتانیوم,سالم و بی‌خط و خش,تعیین‌نشده,تعیین‌نشده,اتوماتیک,بنزینی,8,تارا وی 4 ال ایکس TU5P,نامشخص,نامشخص
تارا v1+ 1405,Qa_vGw1P,https://divar.ir/v/%D8%AA%D8%A7%D8%B1%D8%A7-v1-1405/Qa_vGw1P,2260000000,55,1405,0,سفید,سالم و بی‌خط و خش,سالم,سالم و پلمپ,سالم و پلمپ,بنزینی,12,تارا v1 پلاس,نامشخص,نامشخص
تارا v1 پلاس صفر خشک,gaHcRJHt,https://divar.ir/v/%D8%AA%D8%A7%D8%B1%D8%A7-v1-%D9%BE%D9%84%D8%A7%D8%B3-%D8%B5%D9%81%D8%B1-%D8%AE%D8%B4%DA%A9/gaHcRJHt,2300000000,0,1405,0,سفید,سالم و بی‌خط و خش,تعیین‌نشده,تعیین‌نشده,,بنزینی,,تارا v1 پلاس,نامشخص,نامشخص
تارا v4 سفید lx مدل ۱۴۰۳,gaHYxl2K,https://divar.ir/v/%D8%AA%D8%A7%D8%B1%D8%A7-v4-%D8%B3%D9%81%DB%8C%D8%AF-lx-%D9%85%D8%AF%D9%84-%DB%B1%DB%B4%DB%B0%DB%B3/gaHYxl2K,2475000000,22000,1403,2,سفید,سالم و بی‌خط و خش,سالم,سالم و پلمپ,اتوماتیک,بنزینی,6,تارا وی 4 ال ایکس TU5P,نامشخص,نامشخص
تاراv4مدل 1403,gaEgs_Pc,https://divar.ir/v/%D8%AA%D8%A7%D8%B1%D8%A7v4%D9%85%D8%AF%D9%84-1403/gaEgs_Pc,2485000000,40000,1403,2,نقره‌ای,سالم و بی‌خط و خش,سالم,سالم و پلمپ,سالم و پلمپ,بنزینی,8,تارا وی 4 ال ایکس TU5P,نامشخص,نامشخص
تارا وی 2 بیرنگ خاکستری اتوماتیک 1402,gaF4rlKE,https://divar.ir/v/%D8%AA%D8%A7%D8%B1%D8%A7-%D9%88%DB%8C-2-%D8%A8%DB%8C%D8%B1%D9%86%DA%AF-%D8%AE%D8%A7%DA%A9%D8%B3%D8%AA%D8%B1%DB%8C-%D8%A7%D8%AA%D9%88%D9%85%D8%A7%D8%AA%DB%8C%DA%A9-1402/gaF4rlKE,2210000000,27000,1402,3,خاکستری,سالم و بی‌خط و خش,سالم,سالم و پلمپ,سالم و پلمپ,بنزینی,4,تارا اتوماتیک V2,نامشخص,نامشخص
تارا V4,gaHEBapX,https://divar.ir/v/%D8%AA%D8%A7%D8%B1%D8%A7-V4/gaHEBapX,2550000000,35000,1403,2,خاکستری,خط و خش جزیی,سالم,سالم و پلمپ,سالم و پلمپ,بنزینی,10,تارا وی 4 ال ایکس TU5P,نامشخص,نامشخص
تارا v4 LX 404,gaHEBX6E,https://divar.ir/v/%D8%AA%D8%A7%D8%B1%D8%A7-v4-LX-404/gaHEBX6E,2750000000,8000,1404,1,مشکی,سالم و بی‌خط و خش,سالم,سالم و پلمپ,سالم و پلمپ,بنزینی,7,تارا وی 4 ال ایکس TU5P,نامشخص,نامشخص
تارا اتوماتیک فول,gaH4g2px,https://divar.ir/v/%D8%AA%D8%A7%D8%B1%D8%A7-%D8%A7%D8%AA%D9%88%D9%85%D8%A7%D8%AA%DB%8C%DA%A9-%D9%81%D9%88%D9%84/gaH4g2px,2680000000,794,1404,1,مشکی,سالم و بی‌خط و خش,سالم,سالم و پلمپ,سالم و پلمپ,بنزینی,7,تارا وی 4 ال ایکس TU5P,نامشخص,نامشخص
تارا پلاس دنده سفیدصفر ۴۰۵*اقساطی تحویل فوری *,QanPSOH7,https://divar.ir/v/%D8%AA%D8%A7%D8%B1%D8%A7-%D9%BE%D9%84%D8%A7%D8%B3-%D8%AF%D9%86%D8%AF%D9%87-%D8%B3%D9%81%DB%8C%D8%AF%D8%B5%D9%81%D8%B1-%DB%B4%DB%B0%DB%B5-%D8%A7%D9%82%D8%B3%D8%A7%D8%B7%DB%8C-%D8%AA%D8%AD%D9%88%DB%8C%D9%84-%D9%81%D9%88%D8%B1%DB%8C/QanPSOH7,2150000000,0,1405,0,سفید,سالم و بی‌خط و خش,سالم,سالم و پلمپ,سالم و پلمپ,بنزینی,12,تارا v1 پلاس,نامشخص,نامشخص
تارا v4 اتوماتیک باسرامیک بدنه شرکتی ایران خودرو,gaHYAFHz,https://divar.ir/v/%D8%AA%D8%A7%D8%B1%D8%A7-v4-%D8%A7%D8%AA%D9%88%D9%85%D8%A7%D8%AA%DB%8C%DA%A9-%D8%A8%D8%A7%D8%B3%D8%B1%D8%A7%D9%85%DB%8C%DA%A9-%D8%A8%D8%AF%D9%86%D9%87-%D8%B4%D8%B1%DA%A9%D8%AA%DB%8C-%D8%A7%DB%8C%D8%B1%D8%A7%D9%86-%D8%AE%D9%88%D8%AF%D8%B1%D9%88/gaHYAFHz,2900000000,3300,1404,1,خاکستری,سالم و بی‌خط و خش,سالم,سالم و پلمپ,سالم و پلمپ,بنزینی,12,تارا وی 4 ال ایکس TU5P,نامشخص,نامشخص
تارا ۶دنده,Qasvcu0O,https://divar.ir/v/%D8%AA%D8%A7%D8%B1%D8%A7-%DB%B6%D8%AF%D9%86%D8%AF%D9%87/Qasvcu0O,2100000000,14000,1404,1,سفید,سالم و بی‌خط و خش,سالم,سالم و پلمپ,سالم و پلمپ,بنزینی,4,تارا v1 پلاس,نامشخص,نامشخص
ماشین تارا اتومات ۱۴۰۲,gaHAgYgz,https://divar.ir/v/%D9%85%D8%A7%D8%B4%DB%8C%D9%86-%D8%AA%D8%A7%D8%B1%D8%A7-%D8%A7%D8%AA%D9%88%D9%85%D8%A7%D8%AA-%DB%B1%DB%B4%DB%B0%DB%B2/gaHAgYgz,2200000000,2500,1402,3,مشکی,سالم و بی‌خط و خش,سالم,سالم و پلمپ,سالم و پلمپ,بنزینی,,تارا v1 پلاس,نامشخص,نامشخص
تارا v2,gaHAQDIm,https://divar.ir/v/%D8%AA%D8%A7%D8%B1%D8%A7-v2/gaHAQDIm,2460000000,6800,1402,3,مشکی,سالم و بی‌خط و خش,سالم,سالم و پلمپ,سالم و پلمپ,بنزینی,10,تارا اتوماتیک V2,نامشخص,نامشخص
تارا v4مدل ۱۴۰۴,gaG0_Y_g,https://divar.ir/v/%D8%AA%D8%A7%D8%B1%D8%A7-v4%D9%85%D8%AF%D9%84-%DB%B1%DB%B4%DB%B0%DB%B4/gaG0_Y_g,2520000000,38000,1404,1,مشکی,خط و خش جزیی,سالم,سالم و پلمپ,اتوماتیک,بنزینی,1,تارا وی 4 ال ایکس TU5P,نامشخص,نامشخص
تارا اتوماتیک v2,gaGofBYD,https://divar.ir/v/%D8%AA%D8%A7%D8%B1%D8%A7-%D8%A7%D8%AA%D9%88%D9%85%D8%A7%D8%AA%DB%8C%DA%A9-v2/gaGofBYD,2058000000,70000,1401,4,مشکی,سالم و بی‌خط و خش,سالم,سالم و پلمپ,سالم و پلمپ,بنزینی,7,تارا اتوماتیک V2,نامشخص,نامشخص
تارا V2 اوتومات ۱۴۰۳,gaAYvh99,https://divar.ir/v/%D8%AA%D8%A7%D8%B1%D8%A7-V2-%D8%A7%D9%88%D8%AA%D9%88%D9%85%D8%A7%D8%AA-%DB%B1%DB%B4%DB%B0%DB%B3/gaAYvh99,2250000000,32000,1403,2,آبی,سالم و بی‌خط و خش,سالم,سالم و پلمپ,سالم و پلمپ,بنزینی,6,تارا اتوماتیک V2,نامشخص,نامشخص
تارا. دنده‌ای . نقره‌ای تیتانیوم,gaE46mjA,https://divar.ir/v/%D8%AA%D8%A7%D8%B1%D8%A7-%D8%AF%D9%86%D8%AF%D9%87-%D8%A7%DB%8C-%D9%86%D9%82%D8%B1%D9%87-%D8%A7%DB%8C-%D8%AA%DB%8C%D8%AA%D8%A7%D9%86%DB%8C%D9%88%D9%85/gaE46mjA,1800000000,68000,1401,4,تیتانیوم,خط و خش جزیی,سالم,سالم و پلمپ,سالم و پلمپ,بنزینی,5,تارا دنده‌ای V1,نامشخص,نامشخص
تارا V1 مدل 1403,gaGUv1rp,https://divar.ir/v/%D8%AA%D8%A7%D8%B1%D8%A7-V1-%D9%85%D8%AF%D9%84-1403/gaGUv1rp,2100000000,21000,1403,2,خاکستری,سالم و بی‌خط و خش,سالم,سالم و پلمپ,سالم و پلمپ,بنزینی,6,تارا دنده‌ای V1,نامشخص,نامشخص
تارا V1 پلاس مشابه صفر کم کار واقعی,gaEAkHef,https://divar.ir/v/%D8%AA%D8%A7%D8%B1%D8%A7-V1-%D9%BE%D9%84%D8%A7%D8%B3-%D9%85%D8%B4%D8%A7%D8%A8%D9%87-%D8%B5%D9%81%D8%B1-%DA%A9%D9%85-%DA%A9%D8%A7%D8%B1-%D9%88%D8%A7%D9%82%D8%B9%DB%8C/gaEAkHef,2000000000,15000,1404,1,سفید,سالم و بی‌خط و خش,سالم,سالم و پلمپ,سالم و پلمپ,بنزینی,11,تارا v1 پلاس,نامشخص,نامشخص
تارا V4 LXصفر مشکی,Qa4bz4zS,https://divar.ir/v/%D8%AA%D8%A7%D8%B1%D8%A7-V4-LX%D8%B5%D9%81%D8%B1-%D9%85%D8%B4%DA%A9%DB%8C/Qa4bz4zS,2680000000,0,1404,1,مشکی,سالم و بی‌خط و خش,سالم,سالم و پلمپ,سالم و پلمپ,بنزینی,,تارا وی 4 ال ایکس TU5P,نامشخص,نامشخص
تاراv4 تحویل فوری,gaA4itXJ,https://divar.ir/v/%D8%AA%D8%A7%D8%B1%D8%A7v4-%D8%AA%D8%AD%D9%88%DB%8C%D9%84-%D9%81%D9%88%D8%B1%DB%8C/gaA4itXJ,2200000000,0,1405,0,سفید,سالم و بی‌خط و خش,سالم,سالم و پلمپ,سالم و پلمپ,بنزینی,12,تارا وی 4 ال ایکس TU5P,نامشخص,نامشخص
تارا V4 ۱۴۰۳,gaGweits,https://divar.ir/v/%D8%AA%D8%A7%D8%B1%D8%A7-V4-%DB%B1%DB%B4%DB%B0%DB%B3/gaGweits,2640000000,1600,1403,2,سفید,سالم و بی‌خط و خش,سالم,سالم و پلمپ,سالم و پلمپ,بنزینی,5,تارا وی 4 ال ایکس TU5P,نامشخص,نامشخص
تارا اتومات تیتانیوم مدل 1405,gaEkFutt,https://divar.ir/v/%D8%AA%D8%A7%D8%B1%D8%A7-%D8%A7%D8%AA%D9%88%D9%85%D8%A7%D8%AA-%D8%AA%DB%8C%D8%AA%D8%A7%D9%86%DB%8C%D9%88%D9%85-%D9%85%D8%AF%D9%84-1405/gaEkFutt,2665000000,7000,1405,0,تیتانیوم,سالم و بی‌خط و خش,تعیین‌نشده,تعیین‌نشده,,بنزینی,,تارا وی 4 ال ایکس TU5P,نامشخص,نامشخص
تارا v۱ مدل۱۴۰۵برج۲,gaGkOvJ0,https://divar.ir/v/%D8%AA%D8%A7%D8%B1%D8%A7-v%DB%B1-%D9%85%D8%AF%D9%84%DB%B1%DB%B4%DB%B0%DB%B5%D8%A8%D8%B1%D8%AC%DB%B2/gaGkOvJ0,2230000000,0,1405,0,سفید,سالم و بی‌خط و خش,سالم,سالم و پلمپ,سالم و پلمپ,بنزینی,12,تارا v1 پلاس,نامشخص,نامشخص
تارا V4,gaGg-YYG,https://divar.ir/v/%D8%AA%D8%A7%D8%B1%D8%A7-V4/gaGg-YYG,2700000000,2600,1404,1,خاکستری,سالم و بی‌خط و خش,سالم,سالم و پلمپ,سالم و پلمپ,بنزینی,5,تارا وی 4 ال ایکس TU5P,نامشخص,نامشخص
تارا v1 پلاس,gaGYuF77,https://divar.ir/v/%D8%AA%D8%A7%D8%B1%D8%A7-v1-%D9%BE%D9%84%D8%A7%D8%B3/gaGYuF77,2150000000,13000,1404,1,سفید,سالم و بی‌خط و خش,سالم,سالم و پلمپ,سالم و پلمپ,بنزینی,6,تارا v1 پلاس,نامشخص,نامشخص
تارا v4 اتوماتیک مدل ۱۴۰۴,gaGY-qUL,https://divar.ir/v/%D8%AA%D8%A7%D8%B1%D8%A7-v4-%D8%A7%D8%AA%D9%88%D9%85%D8%A7%D8%AA%DB%8C%DA%A9-%D9%85%D8%AF%D9%84-%DB%B1%DB%B4%DB%B0%DB%B4/gaGY-qUL,2500000000,4800,1404,1,مشکی,سالم و بی‌خط و خش,سالم,سالم و پلمپ,سالم و پلمپ,بنزینی,12,تارا وی 4 ال ایکس TU5P,نامشخص,نامشخص
تارا تیتانیوم V1P مدل ۱۴۰۴ (برج ۸) گارانتی فعال,gaG8Nvfj,https://divar.ir/v/%D8%AA%D8%A7%D8%B1%D8%A7-%D8%AA%DB%8C%D8%AA%D8%A7%D9%86%DB%8C%D9%88%D9%85-V1P-%D9%85%D8%AF%D9%84-%DB%B1%DB%B4%DB%B0%DB%B4-%D8%A8%D8%B1%D8%AC-%DB%B8-%DA%AF%D8%A7%D8%B1%D8%A7%D9%86%D8%AA%DB%8C-%D9%81%D8%B9%D8%A7%D9%84/gaG8Nvfj,2100000000,7900,1404,1,تیتانیوم,سالم و بی‌خط و خش,سالم,سالم و پلمپ,سالم و پلمپ,بنزینی,,تارا v1 پلاس,نامشخص,نامشخص
تارا v1 پلاس صفر معاوضه با v4 پلاس صفر,gaGM-jma,https://divar.ir/v/%D8%AA%D8%A7%D8%B1%D8%A7-v1-%D9%BE%D9%84%D8%A7%D8%B3-%D8%B5%D9%81%D8%B1-%D9%85%D8%B9%D8%A7%D9%88%D8%B6%D9%87-%D8%A8%D8%A7-v4-%D9%BE%D9%84%D8%A7%D8%B3-%D8%B5%D9%81%D8%B1/gaGM-jma,1000,0,1405,0,خاکستری,سالم و بی‌خط و خش,سالم,سالم و پلمپ,سالم و پلمپ,بنزینی,10,تارا v1 پلاس,نامشخص,نامشخص
تارا v2/بدون رنگ/1402/اقساط 12 ماهه,gaEUiGT_,https://divar.ir/v/%D8%AA%D8%A7%D8%B1%D8%A7-v2-%D8%A8%D8%AF%D9%88%D9%86-%D8%B1%D9%86%DA%AF-1402-%D8%A7%D9%82%D8%B3%D8%A7%D8%B7-12-%D9%85%D8%A7%D9%87%D9%87/gaEUiGT_,1750000000,42000,1402,3,مشکی,سالم و بی‌خط و خش,سالم,سالم و پلمپ,سالم و پلمپ,بنزینی,10,تارا اتوماتیک V2,نامشخص,نامشخص
تارا v4 مدل ۱۴۰۴ فول کامل در حد صفر گارانتی فعال,Qa8zFY1m,https://divar.ir/v/%D8%AA%D8%A7%D8%B1%D8%A7-v4-%D9%85%D8%AF%D9%84-%DB%B1%DB%B4%DB%B0%DB%B4-%D9%81%D9%88%D9%84-%DA%A9%D8%A7%D9%85%D9%84-%D8%AF%D8%B1-%D8%AD%D8%AF-%D8%B5%D9%81%D8%B1-%DA%AF%D8%A7%D8%B1%D8%A7%D9%86%D8%AA%DB%8C-%D9%81%D8%B9%D8%A7%D9%84/Qa8zFY1m,2690000000,7000,1404,1,تیتانیوم,سالم و بی‌خط و خش,سالم,سالم و پلمپ,سالم و پلمپ,بنزینی,8,تارا وی 4 ال ایکس TU5P,نامشخص,نامشخص
تارا V1 پلاس ۶ سرعته ،مشکی آبنوس،مدل ۱۴۰۵,Qa-7tgpn,https://divar.ir/v/%D8%AA%D8%A7%D8%B1%D8%A7-V1-%D9%BE%D9%84%D8%A7%D8%B3-%DB%B6-%D8%B3%D8%B1%D8%B9%D8%AA%D9%87-%D8%8C%D9%85%D8%B4%DA%A9%DB%8C-%D8%A2%D8%A8%D9%86%D9%88%D8%B3%D8%8C%D9%85%D8%AF%D9%84-%DB%B1%DB%B4%DB%B0%DB%B5/Qa-7tgpn,2220000000,2000,1405,0,مشکی,سالم و بی‌خط و خش,سالم,سالم و پلمپ,سالم و پلمپ,بنزینی,11,تارا v1 پلاس,نامشخص,نامشخص
تارا V1 پلاس مدل آخر۱۴۰۲,Qa8Tlf1k,https://divar.ir/v/%D8%AA%D8%A7%D8%B1%D8%A7-V1-%D9%BE%D9%84%D8%A7%D8%B3-%D9%85%D8%AF%D9%84-%D8%A2%D8%AE%D8%B1%DB%B1%DB%B4%DB%B0%DB%B2/Qa8Tlf1k,1750000000,90000,1402,3,نوک‌مدادی,سالم و بی‌خط و خش,سالم,سالم و پلمپ,سالم و پلمپ,بنزینی,11,تارا دنده‌ای V1,نامشخص,نامشخص
تارا V1پلاس ۱۴۰۴ سفید,Qa5H9Os9,https://divar.ir/v/%D8%AA%D8%A7%D8%B1%D8%A7-V1%D9%BE%D9%84%D8%A7%D8%B3-%DB%B1%DB%B4%DB%B0%DB%B4-%D8%B3%D9%81%DB%8C%D8%AF/Qa5H9Os9,2135000000,5770,1404,1,سفید,سالم و بی‌خط و خش,سالم,سالم و پلمپ,سالم و پلمپ,بنزینی,11,تارا v1 پلاس,نامشخص,نامشخص
تارا اتومات v4 tu5p مدل 1404,Qa8bV_kL,https://divar.ir/v/%D8%AA%D8%A7%D8%B1%D8%A7-%D8%A7%D8%AA%D9%88%D9%85%D8%A7%D8%AA-v4-tu5p-%D9%85%D8%AF%D9%84-1404/Qa8bV_kL,2510000000,2500,1404,1,سفید,سالم و بی‌خط و خش,سالم,سالم و پلمپ,سالم و پلمپ,بنزینی,1,تارا وی 4 ال ایکس TU5P,نامشخص,نامشخص
تارا دنده ای,gaGcd-q9,https://divar.ir/v/%D8%AA%D8%A7%D8%B1%D8%A7-%D8%AF%D9%86%D8%AF%D9%87-%D8%A7%DB%8C/gaGcd-q9,3300000000,5580,1404,1,مشکی,سالم و بی‌خط و خش,سالم,سالم و پلمپ,سالم و پلمپ,بنزینی,10,تارا وی 4 ال ایکس TU5P,نامشخص,نامشخص
تارا اتوماتیک V4LXتوربوEF7P,gaGc9PRy,https://divar.ir/v/%D8%AA%D8%A7%D8%B1%D8%A7-%D8%A7%D8%AA%D9%88%D9%85%D8%A7%D8%AA%DB%8C%DA%A9-V4LX%D8%AA%D9%88%D8%B1%D8%A8%D9%88EF7P/gaGc9PRy,3150000000,0,1405,0,سفید صدفی,سالم و بی‌خط و خش,سالم,سالم و پلمپ,سالم و پلمپ,بنزینی,12,تارا v4 توربو EF7P,نامشخص,نامشخص
تارا ۴۰۳ در حد نو کم کار,gaFspo2_,https://divar.ir/v/%D8%AA%D8%A7%D8%B1%D8%A7-%DB%B4%DB%B0%DB%B3-%D8%AF%D8%B1-%D8%AD%D8%AF-%D9%86%D9%88-%DA%A9%D9%85-%DA%A9%D8%A7%D8%B1/gaFspo2_,1980000000,25000,1403,2,سفید صدفی,خط و خش جزیی,سالم,سالم و پلمپ,,بنزینی,3,تارا v1 پلاس,نامشخص,نامشخص
تارا اتومات v2 مدل ۱۴۰۲ بیرنگ,gaGUdwWg,https://divar.ir/v/%D8%AA%D8%A7%D8%B1%D8%A7-%D8%A7%D8%AA%D9%88%D9%85%D8%A7%D8%AA-v2-%D9%85%D8%AF%D9%84-%DB%B1%DB%B4%DB%B0%DB%B2-%D8%A8%DB%8C%D8%B1%D9%86%DA%AF/gaGUdwWg,2335000000,60000,1402,3,مشکی,سالم و بی‌خط و خش,سالم,سالم و پلمپ,سالم و پلمپ,بنزینی,8,تارا اتوماتیک V2,نامشخص,نامشخص
تارا v2 اتوماتیک مدل ۱۴۰۲ بدون رنگ,gaGQNVpX,https://divar.ir/v/%D8%AA%D8%A7%D8%B1%D8%A7-v2-%D8%A7%D8%AA%D9%88%D9%85%D8%A7%D8%AA%DB%8C%DA%A9-%D9%85%D8%AF%D9%84-%DB%B1%DB%B4%DB%B0%DB%B2-%D8%A8%D8%AF%D9%88%D9%86-%D8%B1%D9%86%DA%AF/gaGQNVpX,2130000000,40000,1402,3,مشکی,سالم و بی‌خط و خش,سالم,سالم و پلمپ,سالم و پلمپ,بنزینی,7,تارا اتوماتیک V2,نامشخص,نامشخص
تارا v1 پلاس,gaGEN-dE,https://divar.ir/v/%D8%AA%D8%A7%D8%B1%D8%A7-v1-%D9%BE%D9%84%D8%A7%D8%B3/gaGEN-dE,1980000000,19900,1404,1,مشکی,سالم و بی‌خط و خش,سالم,سالم و پلمپ,سالم و پلمپ,بنزینی,2,تارا v1 پلاس,نامشخص,نامشخص
تارا v1 دستی 1401,gaDklzTn,https://divar.ir/v/%D8%AA%D8%A7%D8%B1%D8%A7-v1-%D8%AF%D8%B3%D8%AA%DB%8C-1401/gaDklzTn,1830000000,48000,1401,4,سفید,سالم و بی‌خط و خش,سالم,سالم و پلمپ,سالم و پلمپ,بنزینی,10,تارا دنده‌ای V1,نامشخص,نامشخص
تارا باشرایط بنام فوری,gaFkoGTs,https://divar.ir/v/%D8%AA%D8%A7%D8%B1%D8%A7-%D8%A8%D8%A7%D8%B4%D8%B1%D8%A7%DB%8C%D8%B7-%D8%A8%D9%86%D8%A7%D9%85-%D9%81%D9%88%D8%B1%DB%8C/gaFkoGTs,1155000000,0,1405,0,تیتانیوم,سالم و بی‌خط و خش,سالم,سالم و پلمپ,سالم و پلمپ,بنزینی,10,تارا v1 پلاس,نامشخص,نامشخص
تارا اتومات V4 صفر مدل 1405,gaGAdUcT,https://divar.ir/v/%D8%AA%D8%A7%D8%B1%D8%A7-%D8%A7%D8%AA%D9%88%D9%85%D8%A7%D8%AA-V4-%D8%B5%D9%81%D8%B1-%D9%85%D8%AF%D9%84-1405/gaGAdUcT,2670000000,29,1405,0,سفید,سالم و بی‌خط و خش,سالم,سالم و پلمپ,سالم و پلمپ,بنزینی,12,تارا وی 4 ال ایکس TU5P,نامشخص,نامشخص
تارا وی فور v4 اتوماتیک تیتانیوم,gaCUvyUC,https://divar.ir/v/%D8%AA%D8%A7%D8%B1%D8%A7-%D9%88%DB%8C-%D9%81%D9%88%D8%B1-v4-%D8%A7%D8%AA%D9%88%D9%85%D8%A7%D8%AA%DB%8C%DA%A9-%D8%AA%DB%8C%D8%AA%D8%A7%D9%86%DB%8C%D9%88%D9%85/gaCUvyUC,2598000000,10000,1404,1,تیتانیوم,سالم و بی‌خط و خش,سالم,سالم و پلمپ,سالم و پلمپ,بنزینی,8,تارا وی 4 ال ایکس TU5P,نامشخص,نامشخص
تارا V۴ اتوماتیک با آپشن های آپکویی,gaGYMcuT,https://divar.ir/v/%D8%AA%D8%A7%D8%B1%D8%A7-V%DB%B4-%D8%A7%D8%AA%D9%88%D9%85%D8%A7%D8%AA%DB%8C%DA%A9-%D8%A8%D8%A7-%D8%A2%D9%BE%D8%B4%D9%86-%D9%87%D8%A7%DB%8C-%D8%A2%D9%BE%DA%A9%D9%88%DB%8C%DB%8C/gaGYMcuT,2530000000,34000,1403,2,نقره‌ای,سالم و بی‌خط و خش,سالم,سالم و پلمپ,سالم و پلمپ,بنزینی,7,تارا وی 4 ال ایکس TU5P,نامشخص,نامشخص
تارا اتومات v4,gaG8b9XZ,https://divar.ir/v/%D8%AA%D8%A7%D8%B1%D8%A7-%D8%A7%D8%AA%D9%88%D9%85%D8%A7%D8%AA-v4/gaG8b9XZ,2550000000,17000,1404,1,سفید,سالم و بی‌خط و خش,سالم,سالم و پلمپ,سالم و پلمپ,بنزینی,6,تارا وی 4 ال ایکس TU5P,نامشخص,نامشخص
تارا V1 پلاس 6 دنده بدون رنگ و سالم برج هفت 1404,gaEotShR,https://divar.ir/v/%D8%AA%D8%A7%D8%B1%D8%A7-V1-%D9%BE%D9%84%D8%A7%D8%B3-6-%D8%AF%D9%86%D8%AF%D9%87-%D8%A8%D8%AF%D9%88%D9%86-%D8%B1%D9%86%DA%AF-%D9%88-%D8%B3%D8%A7%D9%84%D9%85-%D8%A8%D8%B1%D8%AC-%D9%87%D9%81%D8%AA-1404/gaEotShR,2150000000,7500,1404,1,تیتانیوم,سالم و بی‌خط و خش,سالم,سالم و پلمپ,سالم و پلمپ,بنزینی,6,تارا v1 پلاس,نامشخص,نامشخص
تارا دنده ای صفر کیلومتر مدل ۱۴۰۵,gaEwn0_T,https://divar.ir/v/%D8%AA%D8%A7%D8%B1%D8%A7-%D8%AF%D9%86%D8%AF%D9%87-%D8%A7%DB%8C-%D8%B5%D9%81%D8%B1-%DA%A9%DB%8C%D9%84%D9%88%D9%85%D8%AA%D8%B1-%D9%85%D8%AF%D9%84-%DB%B1%DB%B4%DB%B0%DB%B5/gaEwn0_T,2280000000,0,1405,0,تیتانیوم,سالم و بی‌خط و خش,سالم,سالم و پلمپ,سالم و پلمپ,بنزینی,12,تارا دنده‌ای V1,نامشخص,نامشخص
تارا اتوماتیک مدل ۴۰۱,gaEYEIXP,https://divar.ir/v/%D8%AA%D8%A7%D8%B1%D8%A7-%D8%A7%D8%AA%D9%88%D9%85%D8%A7%D8%AA%DB%8C%DA%A9-%D9%85%D8%AF%D9%84-%DB%B4%DB%B0%DB%B1/gaEYEIXP,2120000000,28000,1401,4,نقره‌ای,سالم و بی‌خط و خش,سالم,سالم و پلمپ,سالم و پلمپ,بنزینی,10,تارا اتوماتیک V2,نامشخص,نامشخص
تارا V1پلاس 1403 معاوضه,gaD4OIIG,https://divar.ir/v/%D8%AA%D8%A7%D8%B1%D8%A7-V1%D9%BE%D9%84%D8%A7%D8%B3-1403-%D9%85%D8%B9%D8%A7%D9%88%D8%B6%D9%87/gaD4OIIG,2040000000,26000,1403,2,سفید,سالم و بی‌خط و خش,سالم,سالم و پلمپ,سالم و پلمپ,بنزینی,3,تارا v1 پلاس,نامشخص,نامشخص
تارا v4 lx مدل 1405,gaCosOc4,https://divar.ir/v/%D8%AA%D8%A7%D8%B1%D8%A7-v4-lx-%D9%85%D8%AF%D9%84-1405/gaCosOc4,2700000000,0,1405,0,سفید,سالم و بی‌خط و خش,سالم,سالم و پلمپ,سالم و پلمپ,بنزینی,12,تارا وی 4 ال ایکس TU5P,نامشخص,نامشخص
تارا V4,QahPGLyJ,https://divar.ir/v/%D8%AA%D8%A7%D8%B1%D8%A7-V4/QahPGLyJ,2580000000,30000,1403,2,تیتانیوم,سالم و بی‌خط و خش,سالم,سالم و پلمپ,سالم و پلمپ,بنزینی,3,تارا وی 4 ال ایکس TU5P,نامشخص,نامشخص
تارا V1پلاس,gaGQzblZ,https://divar.ir/v/%D8%AA%D8%A7%D8%B1%D8%A7-V1%D9%BE%D9%84%D8%A7%D8%B3/gaGQzblZ,2120000000,18000,1403,2,سفید,سالم و بی‌خط و خش,سالم,سالم و پلمپ,سالم و پلمپ,بنزینی,5,تارا v1 پلاس,نامشخص,نامشخص
تارا v4 اتوماتیک مدل ۱۴۰۳,gaGQDDIK,https://divar.ir/v/%D8%AA%D8%A7%D8%B1%D8%A7-v4-%D8%A7%D8%AA%D9%88%D9%85%D8%A7%D8%AA%DB%8C%DA%A9-%D9%85%D8%AF%D9%84-%DB%B1%DB%B4%DB%B0%DB%B3/gaGQDDIK,2520000000,32000,1403,2,تیتانیوم,سالم و بی‌خط و خش,سالم,سالم و پلمپ,سالم و پلمپ,بنزینی,8,تارا وی 4 ال ایکس TU5P,نامشخص,نامشخص
تارا صفر  معاوزه  با سمند سو رن,gaGMzFbF,https://divar.ir/v/%D8%AA%D8%A7%D8%B1%D8%A7-%D8%B5%D9%81%D8%B1-%D9%85%D8%B9%D8%A7%D9%88%D8%B2%D9%87-%D8%A8%D8%A7-%D8%B3%D9%85%D9%86%D8%AF-%D8%B3%D9%88-%D8%B1%D9%86/gaGMzFbF,2250000000,4000,1404,1,سفید,سالم و بی‌خط و خش,سالم,سالم و پلمپ,سالم و پلمپ,بنزینی,5,تارا وی 3,نامشخص,نامشخص
تارا اتوماتیک V4 وی فور  مشکی آبنوس,gaG8SJQ5,https://divar.ir/v/%D8%AA%D8%A7%D8%B1%D8%A7-%D8%A7%D8%AA%D9%88%D9%85%D8%A7%D8%AA%DB%8C%DA%A9-V4-%D9%88%DB%8C-%D9%81%D9%88%D8%B1-%D9%85%D8%B4%DA%A9%DB%8C-%D8%A2%D8%A8%D9%86%D9%88%D8%B3/gaG8SJQ5,2390000000,29000,1403,2,مشکی,صافکاری بی‌رنگ,سالم,سالم و پلمپ,سالم و پلمپ,بنزینی,9,تارا وی 4 ال ایکس TU5P,نامشخص,نامشخص
تارا اتومات v4ال ایکسLx.tu5,gaAwTOdn,https://divar.ir/v/%D8%AA%D8%A7%D8%B1%D8%A7-%D8%A7%D8%AA%D9%88%D9%85%D8%A7%D8%AA-v4%D8%A7%D9%84-%D8%A7%DB%8C%DA%A9%D8%B3Lx-tu5/gaAwTOdn,2510000000,4140,1404,1,سفید,سالم و بی‌خط و خش,سالم,سالم و پلمپ,سالم و پلمپ,بنزینی,9,تارا وی 4 ال ایکس TU5P,نامشخص,نامشخص
تارا v1 ،tu5p خانگی,QawDbXA5,https://divar.ir/v/%D8%AA%D8%A7%D8%B1%D8%A7-v1-%D8%8Ctu5p-%D8%AE%D8%A7%D9%86%DA%AF%DB%8C/QawDbXA5,1930000000,48000,1402,3,خاکستری,خط و خش جزیی,سالم,سالم و پلمپ,سالم و پلمپ,بنزینی,9,تارا دنده‌ای V1,نامشخص,نامشخص
تارا اتومات,gaGISmeR,https://divar.ir/v/%D8%AA%D8%A7%D8%B1%D8%A7-%D8%A7%D8%AA%D9%88%D9%85%D8%A7%D8%AA/gaGISmeR,2650000000,0,1404,1,مشکی,سالم و بی‌خط و خش,سالم,سالم و پلمپ,سالم و پلمپ,بنزینی,,تارا وی 4 ال ایکس TU5P,نامشخص,نامشخص
تاراv1 پلاس مشکی ابنوس,gaGgBnIT,https://divar.ir/v/%D8%AA%D8%A7%D8%B1%D8%A7v1-%D9%BE%D9%84%D8%A7%D8%B3-%D9%85%D8%B4%DA%A9%DB%8C-%D8%A7%D8%A8%D9%86%D9%88%D8%B3/gaGgBnIT,1999000000,34000,1403,2,مشکی,خط و خش جزیی,سالم,سالم و پلمپ,سالم و پلمپ,بنزینی,1,تارا v1 پلاس,نامشخص,نامشخص
تارا v1 پلاس 1403,gaGQxngZ,https://divar.ir/v/%D8%AA%D8%A7%D8%B1%D8%A7-v1-%D9%BE%D9%84%D8%A7%D8%B3-1403/gaGQxngZ,2040000000,30000,1403,2,سفید,سالم و بی‌خط و خش,سالم,سالم و پلمپ,سالم و پلمپ,بنزینی,4,تارا v1 پلاس,نامشخص,نامشخص
تارا V1 پلاس ۶ سرعته خشک مدل ۴۰۳,gaGkA3ZG,https://divar.ir/v/%D8%AA%D8%A7%D8%B1%D8%A7-V1-%D9%BE%D9%84%D8%A7%D8%B3-%DB%B6-%D8%B3%D8%B1%D8%B9%D8%AA%D9%87-%D8%AE%D8%B4%DA%A9-%D9%85%D8%AF%D9%84-%DB%B4%DB%B0%DB%B3/gaGkA3ZG,2300000000,600,1403,2,مشکی,سالم و بی‌خط و خش,سالم,سالم و پلمپ,سالم و پلمپ,بنزینی,9,تارا v1 پلاس,نامشخص,نامشخص
تارا v1 پلاس دنده‌ای,gaGAAl26,https://divar.ir/v/%D8%AA%D8%A7%D8%B1%D8%A7-v1-%D9%BE%D9%84%D8%A7%D8%B3-%D8%AF%D9%86%D8%AF%D9%87-%D8%A7%DB%8C/gaGAAl26,2300000000,7600,1403,2,مشکی,سالم و بی‌خط و خش,سالم,سالم و پلمپ,سالم و پلمپ,بنزینی,5,تارا v1 پلاس,نامشخص,نامشخص
تارا v2اتومات 1402,gaGAQjr-,https://divar.ir/v/%D8%AA%D8%A7%D8%B1%D8%A7-v2%D8%A7%D8%AA%D9%88%D9%85%D8%A7%D8%AA-1402/gaGAQjr-,2300000000,61000,1402,3,مشکی,سالم و بی‌خط و خش,سالم,سالم و پلمپ,سالم و پلمپ,بنزینی,3,تارا اتوماتیک V2,نامشخص,نامشخص
تارا اتومات V4 اتومات,Qa0HtOQg,https://divar.ir/v/%D8%AA%D8%A7%D8%B1%D8%A7-%D8%A7%D8%AA%D9%88%D9%85%D8%A7%D8%AA-V4-%D8%A7%D8%AA%D9%88%D9%85%D8%A7%D8%AA/Qa0HtOQg,2380000000,50000,1403,2,سفید,خط و خش جزیی,سالم,سالم و پلمپ,سالم و پلمپ,بنزینی,8,تارا وی 4 ال ایکس TU5P,نامشخص,نامشخص
تارا V2 اتوماتیک مدل 1402 کارشناسی ضمانت کارنامه,Qa8nCE_D,https://divar.ir/v/%D8%AA%D8%A7%D8%B1%D8%A7-V2-%D8%A7%D8%AA%D9%88%D9%85%D8%A7%D8%AA%DB%8C%DA%A9-%D9%85%D8%AF%D9%84-1402-%DA%A9%D8%A7%D8%B1%D8%B4%D9%86%D8%A7%D8%B3%DB%8C-%D8%B6%D9%85%D8%A7%D9%86%D8%AA-%DA%A9%D8%A7%D8%B1%D9%86%D8%A7%D9%85%D9%87/Qa8nCE_D,2340000000,30000,1402,3,خاکستری,صافکاری بی‌رنگ,سالم,سالم و پلمپ,سالم و پلمپ,بنزینی,2,تارا اتوماتیک V2,نامشخص,نامشخص
تارا V1پلاس مشکی کم کارکرد زیرقیمت,gaFAvY5-,https://divar.ir/v/%D8%AA%D8%A7%D8%B1%D8%A7-V1%D9%BE%D9%84%D8%A7%D8%B3-%D9%85%D8%B4%DA%A9%DB%8C-%DA%A9%D9%85-%DA%A9%D8%A7%D8%B1%DA%A9%D8%B1%D8%AF-%D8%B2%DB%8C%D8%B1%D9%82%DB%8C%D9%85%D8%AA/gaFAvY5-,2000000000,18100,1403,2,مشکی,سالم و بی‌خط و خش,سالم,سالم و پلمپ,سالم و پلمپ,بنزینی,,تارا v1 پلاس,نامشخص,نامشخص
تارا دستی V1 plus,gaF8-2gE,https://divar.ir/v/%D8%AA%D8%A7%D8%B1%D8%A7-%D8%AF%D8%B3%D8%AA%DB%8C-V1-plus/gaF8-2gE,2150000,3400,1404,1,سفید,سالم و بی‌خط و خش,سالم,سالم و پلمپ,سالم و پلمپ,بنزینی,5,تارا v1 پلاس,نامشخص,نامشخص
تارا v1 plus,gaFseuQ1,https://divar.ir/v/%D8%AA%D8%A7%D8%B1%D8%A7-v1-plus/gaFseuQ1,2080000000,19000,1404,1,مشکی,سالم و بی‌خط و خش,سالم,سالم و پلمپ,سالم و پلمپ,بنزینی,11,تارا v1 پلاس,نامشخص,نامشخص
تارا اتوماتیک v4 ۱۴۰۴ فول آپشن صفر*زیر قیمت بازار*,Qa53JgoI,https://divar.ir/v/%D8%AA%D8%A7%D8%B1%D8%A7-%D8%A7%D8%AA%D9%88%D9%85%D8%A7%D8%AA%DB%8C%DA%A9-v4-%DB%B1%DB%B4%DB%B0%DB%B4-%D9%81%D9%88%D9%84-%D8%A2%D9%BE%D8%B4%D9%86-%D8%B5%D9%81%D8%B1-%D8%B2%DB%8C%D8%B1-%D9%82%DB%8C%D9%85%D8%AA-%D8%A8%D8%A7%D8%B2%D8%A7%D8%B1/Qa53JgoI,2570000000,0,1404,1,سفید,سالم و بی‌خط و خش,سالم,سالم و پلمپ,سالم و پلمپ,بنزینی,6,تارا وی 4 ال ایکس TU5P,نامشخص,نامشخص
تارا وی ۴ اتوماتیک فول,QawbUOEh,https://divar.ir/v/%D8%AA%D8%A7%D8%B1%D8%A7-%D9%88%DB%8C-%DB%B4-%D8%A7%D8%AA%D9%88%D9%85%D8%A7%D8%AA%DB%8C%DA%A9-%D9%81%D9%88%D9%84/QawbUOEh,2480000000,23000,1403,2,تیتانیوم,سالم و بی‌خط و خش,سالم,سالم و پلمپ,سالم و پلمپ,بنزینی,2,تارا وی 4 ال ایکس TU5P,نامشخص,نامشخص
تارا اتوماتیک مشکی بدون رنگ بالوازم وبرگه کارشناسی,QazvmgCI,https://divar.ir/v/%D8%AA%D8%A7%D8%B1%D8%A7-%D8%A7%D8%AA%D9%88%D9%85%D8%A7%D8%AA%DB%8C%DA%A9-%D9%85%D8%B4%DA%A9%DB%8C-%D8%A8%D8%AF%D9%88%D9%86-%D8%B1%D9%86%DA%AF-%D8%A8%D8%A7%D9%84%D9%88%D8%A7%D8%B2%D9%85-%D9%88%D8%A8%D8%B1%DA%AF%D9%87-%DA%A9%D8%A7%D8%B1%D8%B4%D9%86%D8%A7%D8%B3%DB%8C/QazvmgCI,2290000000,71000,1402,3,مشکی,خط و خش جزیی,سالم,سالم و پلمپ,سالم و پلمپ,بنزینی,6,تارا اتوماتیک V2,نامشخص,نامشخص
تارا اتومات,QavDILs5,https://divar.ir/v/%D8%AA%D8%A7%D8%B1%D8%A7-%D8%A7%D8%AA%D9%88%D9%85%D8%A7%D8%AA/QavDILs5,2550000000,1900,1404,1,سفید,سالم و بی‌خط و خش,تعیین‌نشده,تعیین‌نشده,اتوماتیک,بنزینی,,تارا وی 4 ال ایکس TU5P,نامشخص,نامشخص
تارا v4 اتومات فول 1403 در حد,gaBAbm2N,https://divar.ir/v/%D8%AA%D8%A7%D8%B1%D8%A7-v4-%D8%A7%D8%AA%D9%88%D9%85%D8%A7%D8%AA-%D9%81%D9%88%D9%84-1403-%D8%AF%D8%B1-%D8%AD%D8%AF/gaBAbm2N,2560000000,8800,1403,2,سفید صدفی,سالم و بی‌خط و خش,سالم,سالم و پلمپ,سالم و پلمپ,بنزینی,8,تارا وی 4 ال ایکس TU5P,نامشخص,نامشخص
تارا اتوماتیک v4، سفید ۱۴۰۴,gaFQO3eB,https://divar.ir/v/%D8%AA%D8%A7%D8%B1%D8%A7-%D8%A7%D8%AA%D9%88%D9%85%D8%A7%D8%AA%DB%8C%DA%A9-v4%D8%8C-%D8%B3%D9%81%DB%8C%D8%AF-%DB%B1%DB%B4%DB%B0%DB%B4/gaFQO3eB,2490000000,1400,1404,1,سفید,سالم و بی‌خط و خش,سالم,سالم و پلمپ,سالم و پلمپ,بنزینی,2,تارا وی 4 ال ایکس TU5P,نامشخص,نامشخص
تارا اتوماتیک V4 LX,gaFQOhRT,https://divar.ir/v/%D8%AA%D8%A7%D8%B1%D8%A7-%D8%A7%D8%AA%D9%88%D9%85%D8%A7%D8%AA%DB%8C%DA%A9-V4-LX/gaFQOhRT,2580000000,4735,1403,2,تیتانیوم,رنگ‌شدگی در ۱ ناحیه,سالم,سالم و پلمپ,سالم و پلمپ,بنزینی,9,تارا وی 4 ال ایکس TU5P,نامشخص,نامشخص
تارا V1 پلاس,gaFAe6LR,https://divar.ir/v/%D8%AA%D8%A7%D8%B1%D8%A7-V1-%D9%BE%D9%84%D8%A7%D8%B3/gaFAe6LR,2300000000,0,1405,0,سفید,سالم و بی‌خط و خش,تعیین‌نشده,تعیین‌نشده,,بنزینی,,تارا دنده‌ای V1,نامشخص,نامشخص
تارا v1 پلاس,Qayvzmbn,https://divar.ir/v/%D8%AA%D8%A7%D8%B1%D8%A7-v1-%D9%BE%D9%84%D8%A7%D8%B3/Qayvzmbn,2130000000,7000,1404,1,مشکی,سالم و بی‌خط و خش,سالم,سالم و پلمپ,سالم و پلمپ,بنزینی,6,تارا دنده‌ای V1,نامشخص,نامشخص
تاراv2 وی ۲ اتومات,gaFwt9UM,https://divar.ir/v/%D8%AA%D8%A7%D8%B1%D8%A7v2-%D9%88%DB%8C-%DB%B2-%D8%A7%D8%AA%D9%88%D9%85%D8%A7%D8%AA/gaFwt9UM,2170000000,74000,1402,3,سفید,سالم و بی‌خط و خش,سالم,سالم و پلمپ,سالم و پلمپ,بنزینی,3,تارا اتوماتیک V2,نامشخص,نامشخص
تارا v4 اتوماتیک ۱۴۰۵,gaF88NZ-,https://divar.ir/v/%D8%AA%D8%A7%D8%B1%D8%A7-v4-%D8%A7%D8%AA%D9%88%D9%85%D8%A7%D8%AA%DB%8C%DA%A9-%DB%B1%DB%B4%DB%B0%DB%B5/gaF88NZ-,2750000000,1,1405,0,مشکی,سالم و بی‌خط و خش,تعیین‌نشده,تعیین‌نشده,,بنزینی,,تارا وی 4 ال ایکس TU5P,نامشخص,نامشخص
تارا v4 مدل ۱۴۰۴ کارکرد ۴۵۰۰,gaF0cZdA,https://divar.ir/v/%D8%AA%D8%A7%D8%B1%D8%A7-v4-%D9%85%D8%AF%D9%84-%DB%B1%DB%B4%DB%B0%DB%B4-%DA%A9%D8%A7%D8%B1%DA%A9%D8%B1%D8%AF-%DB%B4%DB%B5%DB%B0%DB%B0/gaF0cZdA,2610000000,4800,1404,1,سفید,سالم و بی‌خط و خش,سالم,سالم و پلمپ,سالم و پلمپ,بنزینی,7,تارا وی 4 ال ایکس TU5P,نامشخص,نامشخص
تارا دنده ای مدل ۱۴۰۲,Qa_vECfs,https://divar.ir/v/%D8%AA%D8%A7%D8%B1%D8%A7-%D8%AF%D9%86%D8%AF%D9%87-%D8%A7%DB%8C-%D9%85%D8%AF%D9%84-%DB%B1%DB%B4%DB%B0%DB%B2/Qa_vECfs,1900000000,65000,1402,3,نقره‌ای,خط و خش جزیی,سالم,سالم و پلمپ,سالم و پلمپ,بنزینی,10,تارا دنده‌ای V1,نامشخص,نامشخص
تارا v1 دنده ای,Qa5XNGtZ,https://divar.ir/v/%D8%AA%D8%A7%D8%B1%D8%A7-v1-%D8%AF%D9%86%D8%AF%D9%87-%D8%A7%DB%8C/Qa5XNGtZ,1750000000,60000,1402,3,سفید,خط و خش جزیی,سالم,سالم و پلمپ,سالم و پلمپ,بنزینی,8,تارا دنده‌ای V1,نامشخص,نو
تارا ۱۴۰۵ . صفر . پنج هزار,gaFscODV,https://divar.ir/v/%D8%AA%D8%A7%D8%B1%D8%A7-%DB%B1%DB%B4%DB%B0%DB%B5-%D8%B5%D9%81%D8%B1-%D9%BE%D9%86%D8%AC-%D9%87%D8%B2%D8%A7%D8%B1/gaFscODV,2200000000,5000,1405,0,مشکی,خط و خش جزیی,سالم,سالم و پلمپ,سالم و پلمپ,بنزینی,8,تارا دنده‌ای V1,نامشخص,نامشخص
تارا v1 پلاس فول ( معاوضه با دنا توربو اتومات ),gaEE5zqS,https://divar.ir/v/%D8%AA%D8%A7%D8%B1%D8%A7-v1-%D9%BE%D9%84%D8%A7%D8%B3-%D9%81%D9%88%D9%84-%D9%85%D8%B9%D8%A7%D9%88%D8%B6%D9%87-%D8%A8%D8%A7-%D8%AF%D9%86%D8%A7-%D8%AA%D9%88%D8%B1%D8%A8%D9%88-%D8%A7%D8%AA%D9%88%D9%85%D8%A7%D8%AA/gaEE5zqS,2060000000,31500,1402,3,مشکی,خط و خش جزیی,سالم,سالم و پلمپ,,بنزینی,,تارا v1 پلاس,نامشخص,نامشخص
تارا عروسک,gaFo8hFL,https://divar.ir/v/%D8%AA%D8%A7%D8%B1%D8%A7-%D8%B9%D8%B1%D9%88%D8%B3%DA%A9/gaFo8hFL,2600000000,30000,1403,2,سفید,سالم و بی‌خط و خش,سالم,سالم و پلمپ,سالم و پلمپ,بنزینی,5,تارا وی 4 ال ایکس TU5P,نامشخص,نامشخص
فروش خودرو تارا فول,gaFoslRN,https://divar.ir/v/%D9%81%D8%B1%D9%88%D8%B4-%D8%AE%D9%88%D8%AF%D8%B1%D9%88-%D8%AA%D8%A7%D8%B1%D8%A7-%D9%81%D9%88%D9%84/gaFoslRN,2840000000,12000,1404,1,تیتانیوم,سالم و بی‌خط و خش,سالم,سالم و پلمپ,سالم و پلمپ,بنزینی,12,تارا وی 4 ال ایکس TU5P,نامشخص,نامشخص
تعویض تارا V1پلاس مدل 1405 صفر با v4 مدل 1405 صفر,gaFgcMq8,https://divar.ir/v/%D8%AA%D8%B9%D9%88%DB%8C%D8%B6-%D8%AA%D8%A7%D8%B1%D8%A7-V1%D9%BE%D9%84%D8%A7%D8%B3-%D9%85%D8%AF%D9%84-1405-%D8%B5%D9%81%D8%B1-%D8%A8%D8%A7-v4-%D9%85%D8%AF%D9%84-1405-%D8%B5%D9%81%D8%B1/gaFgcMq8,2200000000,0,1405,0,سفید,سالم و بی‌خط و خش,سالم,سالم و پلمپ,سالم و پلمپ,بنزینی,12,تارا v1 پلاس,نامشخص,نامشخص
تاراv1 پلاس ۶ سرعته ارتقا فول درحد صفر,gaFgMQbj,https://divar.ir/v/%D8%AA%D8%A7%D8%B1%D8%A7v1-%D9%BE%D9%84%D8%A7%D8%B3-%DB%B6-%D8%B3%D8%B1%D8%B9%D8%AA%D9%87-%D8%A7%D8%B1%D8%AA%D9%82%D8%A7-%D9%81%D9%88%D9%84-%D8%AF%D8%B1%D8%AD%D8%AF-%D8%B5%D9%81%D8%B1/gaFgMQbj,2000000000,50000,1403,2,سفید,سالم و بی‌خط و خش,سالم,سالم و پلمپ,سالم و پلمپ,بنزینی,9,تارا v1 پلاس,نامشخص,نامشخص
تارا V4 اتومات فول آپشن,gaA8d1Qb,https://divar.ir/v/%D8%AA%D8%A7%D8%B1%D8%A7-V4-%D8%A7%D8%AA%D9%88%D9%85%D8%A7%D8%AA-%D9%81%D9%88%D9%84-%D8%A2%D9%BE%D8%B4%D9%86/gaA8d1Qb,2650000000,2700,1404,1,سفید,سالم و بی‌خط و خش,سالم,سالم و پلمپ,سالم و پلمپ,بنزینی,9,تارا وی 4 ال ایکس TU5P,نامشخص,نامشخص
خودرو تارا  v1پلاس,Qa4nPL-P,https://divar.ir/v/%D8%AE%D9%88%D8%AF%D8%B1%D9%88-%D8%AA%D8%A7%D8%B1%D8%A7-v1%D9%BE%D9%84%D8%A7%D8%B3/Qa4nPL-P,2100000000,24000,1403,2,مشکی,سالم و بی‌خط و خش,سالم,سالم و پلمپ,سالم و پلمپ,بنزینی,8,تارا v1 پلاس,نامشخص,نامشخص
تارا وی ۴ اتومات مدل ۴۰۲ نقدو اقساط,Qa4XIQs-,https://divar.ir/v/%D8%AA%D8%A7%D8%B1%D8%A7-%D9%88%DB%8C-%DB%B4-%D8%A7%D8%AA%D9%88%D9%85%D8%A7%D8%AA-%D9%85%D8%AF%D9%84-%DB%B4%DB%B0%DB%B2-%D9%86%D9%82%D8%AF%D9%88-%D8%A7%D9%82%D8%B3%D8%A7%D8%B7/Qa4XIQs-,2400000000,12000,1402,3,مشکی,سالم و بی‌خط و خش,سالم,سالم و پلمپ,سالم و پلمپ,بنزینی,8,تارا وی 4 ال ایکس TU5P,نامشخص,نامشخص
تارا اتوماتیک V2 مدل ۱۴۰۳,gaF0bkjS,https://divar.ir/v/%D8%AA%D8%A7%D8%B1%D8%A7-%D8%A7%D8%AA%D9%88%D9%85%D8%A7%D8%AA%DB%8C%DA%A9-V2-%D9%85%D8%AF%D9%84-%DB%B1%DB%B4%DB%B0%DB%B3/gaF0bkjS,2360000000,30000,1403,2,مشکی,سالم و بی‌خط و خش,سالم,سالم و پلمپ,سالم و پلمپ,بنزینی,11,تارا اتوماتیک V2,نامشخص,نامشخص
تارا اتومات 401 v2,gaF4rGl5,https://divar.ir/v/%D8%AA%D8%A7%D8%B1%D8%A7-%D8%A7%D8%AA%D9%88%D9%85%D8%A7%D8%AA-401-v2/gaF4rGl5,2095000000,100000,1401,4,سفید,سالم و بی‌خط و خش,سالم,سالم و پلمپ,سالم و پلمپ,بنزینی,7,تارا اتوماتیک V2,نامشخص,نامشخص
تارا ۶ دنده ۱۴۰۴,gaF07Rr0,https://divar.ir/v/%D8%AA%D8%A7%D8%B1%D8%A7-%DB%B6-%D8%AF%D9%86%D8%AF%D9%87-%DB%B1%DB%B4%DB%B0%DB%B4/gaF07Rr0,2005000000,11000,1404,1,مشکی,سالم و بی‌خط و خش,سالم,سالم و پلمپ,سالم و پلمپ,بنزینی,,تارا v1 پلاس,نامشخص,نامشخص
تارا v4 اتومات,gaDo2zTn,https://divar.ir/v/%D8%AA%D8%A7%D8%B1%D8%A7-v4-%D8%A7%D8%AA%D9%88%D9%85%D8%A7%D8%AA/gaDo2zTn,2450000000,43000,1403,2,تیتانیوم,سالم و بی‌خط و خش,سالم,سالم و پلمپ,سالم و پلمپ,بنزینی,3,تارا وی 4 ال ایکس TU5P,نامشخص,نو
اتومبیل تارا,gaFgbpAm,https://divar.ir/v/%D8%A7%D8%AA%D9%88%D9%85%D8%A8%DB%8C%D9%84-%D8%AA%D8%A7%D8%B1%D8%A7/gaFgbpAm,2070000000,77000,1401,4,مشکی,خط و خش جزیی,سالم,سالم و پلمپ,سالم و پلمپ,بنزینی,5,تارا اتوماتیک V2,نامشخص,نامشخص
تارا V4وی۴ جدید صفر 1405 اتومات توربو EF7p tc شخصی,gaFUbIYJ,https://divar.ir/v/%D8%AA%D8%A7%D8%B1%D8%A7-V4%D9%88%DB%8C%DB%B4-%D8%AC%D8%AF%DB%8C%D8%AF-%D8%B5%D9%81%D8%B1-1405-%D8%A7%D8%AA%D9%88%D9%85%D8%A7%D8%AA-%D8%AA%D9%88%D8%B1%D8%A8%D9%88-EF7p-tc-%D8%B4%D8%AE%D8%B5%DB%8C/gaFUbIYJ,3190000000,0,1405,0,سفید,سالم و بی‌خط و خش,سالم,سالم و پلمپ,سالم و پلمپ,بنزینی,12,تارا v4 توربو EF7P,نامشخص,نامشخص
اگهی تارا اتومات,gaDAxFzD,https://divar.ir/v/%D8%A7%DA%AF%D9%87%DB%8C-%D8%AA%D8%A7%D8%B1%D8%A7-%D8%A7%D8%AA%D9%88%D9%85%D8%A7%D8%AA/gaDAxFzD,2300000000,40000,1403,2,مشکی,سالم و بی‌خط و خش,سالم,سالم و پلمپ,سالم و پلمپ,بنزینی,11,تارا اتوماتیک V2,نامشخص,نامشخص
تارا V4,gaFQbTUP,https://divar.ir/v/%D8%AA%D8%A7%D8%B1%D8%A7-V4/gaFQbTUP,2610000000,3000,1404,1,تیتانیوم,سالم و بی‌خط و خش,سالم,سالم و پلمپ,سالم و پلمپ,بنزینی,4,تارا وی 4 ال ایکس TU5P,نامشخص,نامشخص
تارا V4 LX مدل ۱۴۰۳,Qazn051-,https://divar.ir/v/%D8%AA%D8%A7%D8%B1%D8%A7-V4-LX-%D9%85%D8%AF%D9%84-%DB%B1%DB%B4%DB%B0%DB%B3/Qazn051-,2500000000,30000,1403,2,مشکی,سالم و بی‌خط و خش,سالم,سالم و پلمپ,سالم و پلمپ,بنزینی,7,تارا وی 4 ال ایکس TU5P,نامشخص,نامشخص
تارا دنده,gaFEb1IR,https://divar.ir/v/%D8%AA%D8%A7%D8%B1%D8%A7-%D8%AF%D9%86%D8%AF%D9%87/gaFEb1IR,2270000000,0,1405,0,سفید,سالم و بی‌خط و خش,سالم,سالم و پلمپ,سالم و پلمپ,بنزینی,12,تارا v1 پلاس,نامشخص,نامشخص
تارا اتومات v4 گارانتی شخصی بیمه بدنه,gaF867LJ,https://divar.ir/v/%D8%AA%D8%A7%D8%B1%D8%A7-%D8%A7%D8%AA%D9%88%D9%85%D8%A7%D8%AA-v4-%DA%AF%D8%A7%D8%B1%D8%A7%D9%86%D8%AA%DB%8C-%D8%B4%D8%AE%D8%B5%DB%8C-%D8%A8%DB%8C%D9%85%D9%87-%D8%A8%D8%AF%D9%86%D9%87/gaF867LJ,2445000000,40000,1403,2,سفید,سالم و بی‌خط و خش,سالم,سالم و پلمپ,سالم و پلمپ,بنزینی,6,تارا وی 4 ال ایکس TU5P,نامشخص,نامشخص
تاراV1 پلاس ۱۴۰۵ کارکرد ۲۱۹۰,gaBYmzoR,https://divar.ir/v/%D8%AA%D8%A7%D8%B1%D8%A7V1-%D9%BE%D9%84%D8%A7%D8%B3-%DB%B1%DB%B4%DB%B0%DB%B5-%DA%A9%D8%A7%D8%B1%DA%A9%D8%B1%D8%AF-%DB%B2%DB%B1%DB%B9%DB%B0/gaBYmzoR,2180000000,2190,1405,0,تیتانیوم,سالم و بی‌خط و خش,سالم,سالم و پلمپ,سالم و پلمپ,بنزینی,12,تارا v1 پلاس,نامشخص,نامشخص
تارا v2 . ۱۴۰۳,Qa_P1ng-,https://divar.ir/v/%D8%AA%D8%A7%D8%B1%D8%A7-v2-%DB%B1%DB%B4%DB%B0%DB%B3/Qa_P1ng-,2270000000,28600,1403,2,خاکستری,سالم و بی‌خط و خش,سالم,سالم و پلمپ,سالم و پلمپ,بنزینی,1,تارا اتوماتیک V2,نامشخص,نامشخص
تارا ‌v4 اتومات tu5plus,Qa_jRXhq,https://divar.ir/v/%D8%AA%D8%A7%D8%B1%D8%A7-v4-%D8%A7%D8%AA%D9%88%D9%85%D8%A7%D8%AA-tu5plus/Qa_jRXhq,2580000000,7000,1404,1,سفید صدفی,سالم و بی‌خط و خش,سالم,سالم و پلمپ,سالم و پلمپ,بنزینی,5,تارا وی 4 ال ایکس TU5P,دارد,نامشخص
تارا دنده ای کم کارکرد و مشابه صفر,gaFk6LoP,https://divar.ir/v/%D8%AA%D8%A7%D8%B1%D8%A7-%D8%AF%D9%86%D8%AF%D9%87-%D8%A7%DB%8C-%DA%A9%D9%85-%DA%A9%D8%A7%D8%B1%DA%A9%D8%B1%D8%AF-%D9%88-%D9%85%D8%B4%D8%A7%D8%A8%D9%87-%D8%B5%D9%81%D8%B1/gaFk6LoP,2005000000,15000,1403,2,سفید,سالم و بی‌خط و خش,سالم,سالم و پلمپ,سالم و پلمپ,بنزینی,3,تارا v1 پلاس,نامشخص,نامشخص
تارا v4 اتومات ۱۴۰۴,gaEEXN1n,https://divar.ir/v/%D8%AA%D8%A7%D8%B1%D8%A7-v4-%D8%A7%D8%AA%D9%88%D9%85%D8%A7%D8%AA-%DB%B1%DB%B4%DB%B0%DB%B4/gaEEXN1n,2400000000,23000,1404,1,سفید,سالم و بی‌خط و خش,سالم,سالم و پلمپ,سالم و پلمپ,بنزینی,11,تارا وی 4 ال ایکس TU5P,نامشخص,نامشخص
تارا ۱۴۰۵ صفر سفید,gaBwcwHx,https://divar.ir/v/%D8%AA%D8%A7%D8%B1%D8%A7-%DB%B1%DB%B4%DB%B0%DB%B5-%D8%B5%D9%81%D8%B1-%D8%B3%D9%81%DB%8C%D8%AF/gaBwcwHx,2740000000,0,1405,0,سفید,سالم و بی‌خط و خش,سالم,سالم و پلمپ,سالم و پلمپ,بنزینی,12,تارا وی 4 ال ایکس TU5P,نامشخص,نامشخص
تارا v4 فول آپشن مخصوص مصرف کننده,QayXGSU6,https://divar.ir/v/%D8%AA%D8%A7%D8%B1%D8%A7-v4-%D9%81%D9%88%D9%84-%D8%A2%D9%BE%D8%B4%D9%86-%D9%85%D8%AE%D8%B5%D9%88%D8%B5-%D9%85%D8%B5%D8%B1%D9%81-%DA%A9%D9%86%D9%86%D8%AF%D9%87/QayXGSU6,2480000000,17000,1403,2,تیتانیوم,سالم و بی‌خط و خش,سالم,سالم و پلمپ,سالم و پلمپ,بنزینی,10,تارا وی 4 ال ایکس TU5P,نامشخص,نامشخص
تار1402,gaFQqvJY,https://divar.ir/v/%D8%AA%D8%A7%D8%B11402/gaFQqvJY,1850000000,42000,1402,3,نقره‌ای,خط و خش جزیی,سالم,سالم و پلمپ,سالم و پلمپ,بنزینی,11,تارا دنده‌ای V1,نامشخص,نامشخص
تارا V4 اتومات فول آپشن,gaFMKgLs,https://divar.ir/v/%D8%AA%D8%A7%D8%B1%D8%A7-V4-%D8%A7%D8%AA%D9%88%D9%85%D8%A7%D8%AA-%D9%81%D9%88%D9%84-%D8%A2%D9%BE%D8%B4%D9%86/gaFMKgLs,2700000000,7000,1404,1,خاکستری,سالم و بی‌خط و خش,سالم,سالم و پلمپ,سالم و پلمپ,بنزینی,12,تارا وی 4 ال ایکس TU5P,نامشخص,نامشخص
تارا دنده‌ای 1402,gaFEqxs4,https://divar.ir/v/%D8%AA%D8%A7%D8%B1%D8%A7-%D8%AF%D9%86%D8%AF%D9%87-%D8%A7%DB%8C-1402/gaFEqxs4,1950000000,31000,1402,3,نقره‌ای,سالم و بی‌خط و خش,سالم,سالم و پلمپ,سالم و پلمپ,بنزینی,10,تارا دنده‌ای V1,نامشخص,نامشخص
تارا اتومات V2,gaFAqdcW,https://divar.ir/v/%D8%AA%D8%A7%D8%B1%D8%A7-%D8%A7%D8%AA%D9%88%D9%85%D8%A7%D8%AA-V2/gaFAqdcW,2150000000,28000,1401,4,خاکستری,سالم و بی‌خط و خش,سالم,سالم و پلمپ,سالم و پلمپ,بنزینی,7,تارا اتوماتیک V2,نامشخص,نامشخص
تارا اتومات V4 LX مدل ۱۴۰۴ سفید TU5p مشابه صفر,gaFA69AW,https://divar.ir/v/%D8%AA%D8%A7%D8%B1%D8%A7-%D8%A7%D8%AA%D9%88%D9%85%D8%A7%D8%AA-V4-LX-%D9%85%D8%AF%D9%84-%DB%B1%DB%B4%DB%B0%DB%B4-%D8%B3%D9%81%DB%8C%D8%AF-TU5p-%D9%85%D8%B4%D8%A7%D8%A8%D9%87-%D8%B5%D9%81%D8%B1/gaFA69AW,2490000000,3800,1404,1,سفید,سالم و بی‌خط و خش,سالم,سالم و پلمپ,سالم و پلمپ,بنزینی,7,تارا وی 4 ال ایکس TU5P,نامشخص,نامشخص
تارا V2 اتوماتیک بهمن۱۴۰۲ / کارکرد ۱۸ هزار,gaAUYeqf,https://divar.ir/v/%D8%AA%D8%A7%D8%B1%D8%A7-V2-%D8%A7%D8%AA%D9%88%D9%85%D8%A7%D8%AA%DB%8C%DA%A9-%D8%A8%D9%87%D9%85%D9%86%DB%B1%DB%B4%DB%B0%DB%B2-%DA%A9%D8%A7%D8%B1%DA%A9%D8%B1%D8%AF-%DB%B1%DB%B8-%D9%87%D8%B2%D8%A7%D8%B1/gaAUYeqf,2210000000,18000,1402,3,مشکی,سالم و بی‌خط و خش,سالم,سالم و پلمپ,سالم و پلمپ,بنزینی,1,تارا اتوماتیک V2,نامشخص,نامشخص
تارا 6دنده v1 پلاس صفر 1405 با Esp و 85 گانه,Qak7c9fI,https://divar.ir/v/%D8%AA%D8%A7%D8%B1%D8%A7-6%D8%AF%D9%86%D8%AF%D9%87-v1-%D9%BE%D9%84%D8%A7%D8%B3-%D8%B5%D9%81%D8%B1-1405-%D8%A8%D8%A7-Esp-%D9%88-85-%DA%AF%D8%A7%D9%86%D9%87/Qak7c9fI,1990000000,0,1405,0,سفید,سالم و بی‌خط و خش,سالم,سالم و پلمپ,دنده‌ای,بنزینی,12,تارا v1 پلاس,نامشخص,نامشخص
تارا V1 پلاس ۱۴۰۵,Qa0DXz6f,https://divar.ir/v/%D8%AA%D8%A7%D8%B1%D8%A7-V1-%D9%BE%D9%84%D8%A7%D8%B3-%DB%B1%DB%B4%DB%B0%DB%B5/Qa0DXz6f,2210000000,62,1405,0,سفید,سالم و بی‌خط و خش,سالم,سالم و پلمپ,دنده‌ای,بنزینی,,تارا v1 پلاس,نامشخص,نامشخص
تارا اتوماتیک  V4.  LX +کارت طلایی ۱ ستاره پلاس,gaBw_4lF,https://divar.ir/v/%D8%AA%D8%A7%D8%B1%D8%A7-%D8%A7%D8%AA%D9%88%D9%85%D8%A7%D8%AA%DB%8C%DA%A9-V4-LX-%DA%A9%D8%A7%D8%B1%D8%AA-%D8%B7%D9%84%D8%A7%DB%8C%DB%8C-%DB%B1-%D8%B3%D8%AA%D8%A7%D8%B1%D9%87-%D9%BE%D9%84%D8%A7%D8%B3/gaBw_4lF,2820000000,0,1405,0,سفید,سالم و بی‌خط و خش,سالم,سالم و پلمپ,سالم و پلمپ,بنزینی,12,تارا وی 4 ال ایکس TU5P,نامشخص,نامشخص
تارا V1 پلاس صفر مدل ۱۴۰۵ تحویل روز ۶دنده,QaQffYQa,https://divar.ir/v/%D8%AA%D8%A7%D8%B1%D8%A7-V1-%D9%BE%D9%84%D8%A7%D8%B3-%D8%B5%D9%81%D8%B1-%D9%85%D8%AF%D9%84-%DB%B1%DB%B4%DB%B0%DB%B5-%D8%AA%D8%AD%D9%88%DB%8C%D9%84-%D8%B1%D9%88%D8%B2-%DB%B6%D8%AF%D9%86%D8%AF%D9%87/QaQffYQa,1990000000,0,1405,0,مشکی,سالم و بی‌خط و خش,سالم,سالم و پلمپ,سالم و پلمپ,بنزینی,12,تارا v1 پلاس,نامشخص,نامشخص
تارا اتوماتیک V2 1401,gaFkpRgF,https://divar.ir/v/%D8%AA%D8%A7%D8%B1%D8%A7-%D8%A7%D8%AA%D9%88%D9%85%D8%A7%D8%AA%DB%8C%DA%A9-V2-1401/gaFkpRgF,2140000000,36000,1401,4,مشکی,خط و خش جزیی,سالم,سالم و پلمپ,سالم و پلمپ,بنزینی,2,تارا اتوماتیک V2,نامشخص,نامشخص
تارا اتومات v4LX صفر کیلومتر,gaEQT9or,https://divar.ir/v/%D8%AA%D8%A7%D8%B1%D8%A7-%D8%A7%D8%AA%D9%88%D9%85%D8%A7%D8%AA-v4LX-%D8%B5%D9%81%D8%B1-%DA%A9%DB%8C%D9%84%D9%88%D9%85%D8%AA%D8%B1/gaEQT9or,2650000000,0,1405,0,سفید,سالم و بی‌خط و خش,تعیین‌نشده,,اتوماتیک,بنزینی,12,تارا وی 4 ال ایکس TU5P,نامشخص,نامشخص
*تارا اتوماتv4/اقساط بدون ضامن/تحویل فوری*,Qav3i2ar,https://divar.ir/v/%D8%AA%D8%A7%D8%B1%D8%A7-%D8%A7%D8%AA%D9%88%D9%85%D8%A7%D8%AAv4-%D8%A7%D9%82%D8%B3%D8%A7%D8%B7-%D8%A8%D8%AF%D9%88%D9%86-%D8%B6%D8%A7%D9%85%D9%86-%D8%AA%D8%AD%D9%88%DB%8C%D9%84-%D9%81%D9%88%D8%B1%DB%8C/Qav3i2ar,1500000,0,1405,0,مشکی,سالم و بی‌خط و خش,سالم,سالم و پلمپ,سالم و پلمپ,بنزینی,12,تارا اتوماتیک V2,نامشخص,نامشخص
تارا اتوماتیک موتور Tu5p,gaFU53qe,https://divar.ir/v/%D8%AA%D8%A7%D8%B1%D8%A7-%D8%A7%D8%AA%D9%88%D9%85%D8%A7%D8%AA%DB%8C%DA%A9-%D9%85%D9%88%D8%AA%D9%88%D8%B1-Tu5p/gaFU53qe,2412000000,31000,1403,2,سفید,سالم و بی‌خط و خش,سالم,سالم و پلمپ,سالم و پلمپ,بنزینی,10,تارا وی 4 ال ایکس TU5P,نامشخص,نامشخص
تارا وی 4 ال ایکس، مدل.  ۱۴۰۵ 85گانه با Esp,QaQT8Dvq,https://divar.ir/v/%D8%AA%D8%A7%D8%B1%D8%A7-%D9%88%DB%8C-4-%D8%A7%D9%84-%D8%A7%DB%8C%DA%A9%D8%B3%D8%8C-%D9%85%D8%AF%D9%84-%DB%B1%DB%B4%DB%B0%DB%B5-85%DA%AF%D8%A7%D9%86%D9%87-%D8%A8%D8%A7-Esp/QaQT8Dvq,2470000000,0,1405,0,مشکی,سالم و بی‌خط و خش,سالم,سالم و پلمپ,اتوماتیک,بنزینی,12,تارا وی 4 ال ایکس TU5P,نامشخص,نامشخص
تارا اتومات TU5 ۴۰۴,gaEUNZJr,https://divar.ir/v/%D8%AA%D8%A7%D8%B1%D8%A7-%D8%A7%D8%AA%D9%88%D9%85%D8%A7%D8%AA-TU5-%DB%B4%DB%B0%DB%B4/gaEUNZJr,2610000000,28000,1404,1,سفید,سالم و بی‌خط و خش,سالم,سالم و پلمپ,سالم و پلمپ,بنزینی,3,تارا وی 4 ال ایکس TU5P,نامشخص,نامشخص
تارا دنده ای V1 مدل ۱۴۰۴ بشرط کارشناسی تحویل آنی,QafvIkLP,https://divar.ir/v/%D8%AA%D8%A7%D8%B1%D8%A7-%D8%AF%D9%86%D8%AF%D9%87-%D8%A7%DB%8C-V1-%D9%85%D8%AF%D9%84-%DB%B1%DB%B4%DB%B0%DB%B4-%D8%A8%D8%B4%D8%B1%D8%B7-%DA%A9%D8%A7%D8%B1%D8%B4%D9%86%D8%A7%D8%B3%DB%8C-%D8%AA%D8%AD%D9%88%DB%8C%D9%84-%D8%A2%D9%86%DB%8C/QafvIkLP,1998000000,0,1404,1,سفید,سالم و بی‌خط و خش,سالم,سالم و پلمپ,سالم و پلمپ,بنزینی,12,تارا دنده‌ای V1,نامشخص,نامشخص
تارا اتومات V4 ، تارا دنده صفر ۱۴۰۵ تحویل فوری,Qaj7GrQk,https://divar.ir/v/%D8%AA%D8%A7%D8%B1%D8%A7-%D8%A7%D8%AA%D9%88%D9%85%D8%A7%D8%AA-V4-%D8%8C-%D8%AA%D8%A7%D8%B1%D8%A7-%D8%AF%D9%86%D8%AF%D9%87-%D8%B5%D9%81%D8%B1-%DB%B1%DB%B4%DB%B0%DB%B5-%D8%AA%D8%AD%D9%88%DB%8C%D9%84-%D9%81%D9%88%D8%B1%DB%8C/Qaj7GrQk,2460000000,0,1405,0,مشکی,سالم و بی‌خط و خش,سالم,سالم و پلمپ,سالم و پلمپ,بنزینی,12,تارا وی 4 ال ایکس TU5P,نامشخص,نامشخص
تارا v1 تحویل فوری,Qa6ztlPe,https://divar.ir/v/%D8%AA%D8%A7%D8%B1%D8%A7-v1-%D8%AA%D8%AD%D9%88%DB%8C%D9%84-%D9%81%D9%88%D8%B1%DB%8C/Qa6ztlPe,980000000,0,1405,0,مشکی,سالم و بی‌خط و خش,سالم,سالم و پلمپ,سالم و پلمپ,بنزینی,12,تارا v1 پلاس,نامشخص,نامشخص
تارا ۶دنده v1,gaFMZzy3,https://divar.ir/v/%D8%AA%D8%A7%D8%B1%D8%A7-%DB%B6%D8%AF%D9%86%D8%AF%D9%87-v1/gaFMZzy3,2100000000,3500,1404,1,سفید,سالم و بی‌خط و خش,سالم,سالم و پلمپ,سالم و پلمپ,بنزینی,7,تارا v1 پلاس,نامشخص,نامشخص
تارا ۱۴۰۱ خاکستری,Qa9Tb_TO,https://divar.ir/v/%D8%AA%D8%A7%D8%B1%D8%A7-%DB%B1%DB%B4%DB%B0%DB%B1-%D8%AE%D8%A7%DA%A9%D8%B3%D8%AA%D8%B1%DB%8C/Qa9Tb_TO,1890000000,62000,1401,4,خاکستری,خط و خش جزیی,سالم,سالم و پلمپ,سالم و پلمپ,بنزینی,5,تارا v1 پلاس,نامشخص,نامشخص
تارا دنده و اتومات تحویل فوری اقساطی,AaaXkSJO,https://divar.ir/v/%D8%AA%D8%A7%D8%B1%D8%A7-%D8%AF%D9%86%D8%AF%D9%87-%D9%88-%D8%A7%D8%AA%D9%88%D9%85%D8%A7%D8%AA-%D8%AA%D8%AD%D9%88%DB%8C%D9%84-%D9%81%D9%88%D8%B1%DB%8C-%D8%A7%D9%82%D8%B3%D8%A7%D8%B7%DB%8C/AaaXkSJO,1000000000,0,1404,1,سفید صدفی,سالم و بی‌خط و خش,سالم,سالم و پلمپ,سالم و پلمپ,بنزینی,12,تارا اتوماتیک V2,نامشخص,نامشخص
تارا ۱۴۰۵ صفر,gaFIJTPm,https://divar.ir/v/%D8%AA%D8%A7%D8%B1%D8%A7-%DB%B1%DB%B4%DB%B0%DB%B5-%D8%B5%D9%81%D8%B1/gaFIJTPm,2250000000,0,1405,0,مشکی,سالم و بی‌خط و خش,سالم,سالم و پلمپ,سالم و پلمپ,بنزینی,12,تارا دنده‌ای V1,نامشخص,نامشخص
تارا اتوماتیک V2 1401,gaE4kGgt,https://divar.ir/v/%D8%AA%D8%A7%D8%B1%D8%A7-%D8%A7%D8%AA%D9%88%D9%85%D8%A7%D8%AA%DB%8C%DA%A9-V2-1401/gaE4kGgt,2100000000,17600,1401,4,مشکی,خط و خش جزیی,سالم,سالم و پلمپ,سالم و پلمپ,بنزینی,9,تارا اتوماتیک V2,نامشخص,نامشخص
تارا  اتومات وی 4 ال ایکس ۴۰۵ (اقساطی تحویل فوری),wZMTlrdG,https://divar.ir/v/%D8%AA%D8%A7%D8%B1%D8%A7-%D8%A7%D8%AA%D9%88%D9%85%D8%A7%D8%AA-%D9%88%DB%8C-4-%D8%A7%D9%84-%D8%A7%DB%8C%DA%A9%D8%B3-%DB%B4%DB%B0%DB%B5-%D8%A7%D9%82%D8%B3%D8%A7%D8%B7%DB%8C-%D8%AA%D8%AD%D9%88%DB%8C%D9%84-%D9%81%D9%88%D8%B1%DB%8C/wZMTlrdG,2680000000,0,1405,0,مشکی,سالم و بی‌خط و خش,سالم,سالم و پلمپ,اتوماتیک,بنزینی,12,تارا وی 4 ال ایکس TU5P,نامشخص,نامشخص
تارا +V1 پلاس مشکی تیتانیوم سفیدصفر ESP مدل 1404,gZfgoF02,https://divar.ir/v/%D8%AA%D8%A7%D8%B1%D8%A7-V1-%D9%BE%D9%84%D8%A7%D8%B3-%D9%85%D8%B4%DA%A9%DB%8C-%D8%AA%DB%8C%D8%AA%D8%A7%D9%86%DB%8C%D9%88%D9%85-%D8%B3%D9%81%DB%8C%D8%AF%D8%B5%D9%81%D8%B1-ESP-%D9%85%D8%AF%D9%84-1404/gZfgoF02,1650000000,0,1405,0,مشکی,سالم و بی‌خط و خش,سالم,سالم و پلمپ,سالم و پلمپ,بنزینی,12,تارا v1 پلاس,نامشخص,نامشخص
خودرو تارا اتومات V4/صفر 1405/اورست خودروپایتخت,Qa5L7FUA,https://divar.ir/v/%D8%AE%D9%88%D8%AF%D8%B1%D9%88-%D8%AA%D8%A7%D8%B1%D8%A7-%D8%A7%D8%AA%D9%88%D9%85%D8%A7%D8%AA-V4-%D8%B5%D9%81%D8%B1-1405-%D8%A7%D9%88%D8%B1%D8%B3%D8%AA-%D8%AE%D9%88%D8%AF%D8%B1%D9%88%D9%BE%D8%A7%DB%8C%D8%AA%D8%AE%D8%AA/Qa5L7FUA,2570000000,0,1405,0,مشکی,سالم و بی‌خط و خش,سالم,سالم و پلمپ,سالم و پلمپ,بنزینی,12,تارا وی 4 ال ایکس TU5P,نامشخص,نامشخص
تارا دنده ای صفر۱۴۰۵خشک تحویل فوری,QabDGgF2,https://divar.ir/v/%D8%AA%D8%A7%D8%B1%D8%A7-%D8%AF%D9%86%D8%AF%D9%87-%D8%A7%DB%8C-%D8%B5%D9%81%D8%B1%DB%B1%DB%B4%DB%B0%DB%B5%D8%AE%D8%B4%DA%A9-%D8%AA%D8%AD%D9%88%DB%8C%D9%84-%D9%81%D9%88%D8%B1%DB%8C/QabDGgF2,1920000000,0,1405,0,سفید,سالم و بی‌خط و خش,سالم,سالم و پلمپ,سالم و پلمپ,بنزینی,12,تارا v1 پلاس,نامشخص,نامشخص
تارا مدل ۴۰۲ مشکی اتومات بی رنگ,Qa8DmuXX,https://divar.ir/v/%D8%AA%D8%A7%D8%B1%D8%A7-%D9%85%D8%AF%D9%84-%DB%B4%DB%B0%DB%B2-%D9%85%D8%B4%DA%A9%DB%8C-%D8%A7%D8%AA%D9%88%D9%85%D8%A7%D8%AA-%D8%A8%DB%8C-%D8%B1%D9%86%DA%AF/Qa8DmuXX,2120000000,68000,1402,3,مشکی,سالم و بی‌خط و خش,سالم,سالم و پلمپ,سالم و پلمپ,بنزینی,9,تارا اتوماتیک V2,نامشخص,نامشخص
تارا وی4(v4) مشکی صفر اقساطی آماده تحویل,QasTIsJ4,https://divar.ir/v/%D8%AA%D8%A7%D8%B1%D8%A7-%D9%88%DB%8C4-v4-%D9%85%D8%B4%DA%A9%DB%8C-%D8%B5%D9%81%D8%B1-%D8%A7%D9%82%D8%B3%D8%A7%D8%B7%DB%8C-%D8%A2%D9%85%D8%A7%D8%AF%D9%87-%D8%AA%D8%AD%D9%88%DB%8C%D9%84/QasTIsJ4,2750000000,0,1405,0,مشکی,سالم و بی‌خط و خش,سالم,سالم و پلمپ,سالم و پلمپ,بنزینی,12,تارا وی 4 ال ایکس TU5P,نامشخص,نامشخص
تارا دنده 1405 اقساط بدون ضامن آماده تحویل,QagDJ4sI,https://divar.ir/v/%D8%AA%D8%A7%D8%B1%D8%A7-%D8%AF%D9%86%D8%AF%D9%87-1405-%D8%A7%D9%82%D8%B3%D8%A7%D8%B7-%D8%A8%D8%AF%D9%88%D9%86-%D8%B6%D8%A7%D9%85%D9%86-%D8%A2%D9%85%D8%A7%D8%AF%D9%87-%D8%AA%D8%AD%D9%88%DB%8C%D9%84/QagDJ4sI,1200000000,0,1405,0,سفید,سالم و بی‌خط و خش,سالم,سالم و پلمپ,دنده‌ای,بنزینی,12,تارا v1 پلاس,نامشخص,نامشخص
تارا v4اتومات توربوef7 مدل ۱۴۰۵/باespو85گانه,QajjyJTU,https://divar.ir/v/%D8%AA%D8%A7%D8%B1%D8%A7-v4%D8%A7%D8%AA%D9%88%D9%85%D8%A7%D8%AA-%D8%AA%D9%88%D8%B1%D8%A8%D9%88ef7-%D9%85%D8%AF%D9%84-%DB%B1%DB%B4%DB%B0%DB%B5-%D8%A8%D8%A7esp%D9%8885%DA%AF%D8%A7%D9%86%D9%87/QajjyJTU,2655000000,0,1405,0,سفید,سالم و بی‌خط و خش,سالم,سالم و پلمپ,سالم و پلمپ,بنزینی,12,تارا v4 توربو EF7P,نامشخص,نامشخص
تارا V1 وی۱ اقساطی تحویل روز,QauvfPH_,https://divar.ir/v/%D8%AA%D8%A7%D8%B1%D8%A7-V1-%D9%88%DB%8C%DB%B1-%D8%A7%D9%82%D8%B3%D8%A7%D8%B7%DB%8C-%D8%AA%D8%AD%D9%88%DB%8C%D9%84-%D8%B1%D9%88%D8%B2/QauvfPH_,1000000000,0,1405,0,مشکی,سالم و بی‌خط و خش,سالم,سالم و پلمپ,سالم و پلمپ,بنزینی,12,تارا v1 پلاس,نامشخص,نامشخص
تارا دنده /1404.1405/خشک/تحویل فوری,gaFs4TA8,https://divar.ir/v/%D8%AA%D8%A7%D8%B1%D8%A7-%D8%AF%D9%86%D8%AF%D9%87-1404-1405-%D8%AE%D8%B4%DA%A9-%D8%AA%D8%AD%D9%88%DB%8C%D9%84-%D9%81%D9%88%D8%B1%DB%8C/gaFs4TA8,2055000000,0,1405,0,سفید,سالم و بی‌خط و خش,سالم,سالم و پلمپ,,بنزینی,,تارا دنده‌ای V1,نامشخص,نامشخص
تارا  V1پلاس تحویل روز نمایندگی,QaHn769W,https://divar.ir/v/%D8%AA%D8%A7%D8%B1%D8%A7-V1%D9%BE%D9%84%D8%A7%D8%B3-%D8%AA%D8%AD%D9%88%DB%8C%D9%84-%D8%B1%D9%88%D8%B2-%D9%86%D9%85%D8%A7%DB%8C%D9%86%D8%AF%DA%AF%DB%8C/QaHn769W,1615000000,0,1404,1,سفید,سالم و بی‌خط و خش,سالم,سالم و پلمپ,دنده‌ای,بنزینی,,تارا v1 پلاس,نامشخص,نامشخص
